<mdatp>
  <general>
    <script_version>1.3.2</script_version>
    <script_run_time>2024-01-03T00:29:28.338228</script_run_time>
  </general>
  <device_info>
    <device_name display_name="Device Name">ip-172-31-29-40.ec2.internal</device_name>
    <host_name display_name="Host Name">ip-172-31-29-40.ec2.internal</host_name>
    <os_family display_name="OS Family">Linux</os_family>
    <os_name display_name="OS Name">Amazon Linux 2</os_name>
    <os_kernel_version display_name="OS Kernel Version">4.14.327-246.539.amzn2.x86_64</os_kernel_version>
    <architecture display_name="OS Architecture">x86_64</architecture>
    <device_id display_name="Device ID">0c800719f85b885ad109b5561800f0d0b2fad6c8</device_id>
    <org_id display_name="Organization ID">b15dadbd-8dc4-4951-a6c4-c260f0067ee1</org_id>
    <sense_version display_name="Sense Version">101.23062.0010</sense_version>
    <sense_config_version display_name="Sense Configuration Version">30.199999.main.2024.01.01.04-39FD5C114F151BE3D373D83386A90DAEE772F58B2B4B4E94604A11688011DFF4</sense_config_version>
    <av_signature_version display_name="Defender AV Security Intelligence Version">1.403.1548.0</av_signature_version>
    <av_engine_version display_name="Defender AV engine Version">1.1.23100.2010</av_engine_version>
    <release_ring display_name="MDE Release Ring Name">Production</release_ring>
    <real_time_protection_enabled display_name="AV Real Time Protection Enabled">True</real_time_protection_enabled>
    <real_time_protection_available display_name="AV Real Time Protection Available">True</real_time_protection_available>
    <real_time_protection_subsystem display_name="AV Real Time Protection Subsystem">fanotify</real_time_protection_subsystem>
    <passive_mode_enabled display_name="Passive Mode Enabled">False</passive_mode_enabled>
    <healthy display_name="Healthy">True</healthy>
    <edr_process_status display_name="EDR Process Status">Running</edr_process_status>
    <av_process_status display_name="AV Process Status">Running</av_process_status>
    <telemetry_process_status display_name="Telemetry Process Status">Running</telemetry_process_status>
    <conflicting_agents display_name="Conflicting Agents"></conflicting_agents>
    <linux_distro display_name="Distribution">Amazon Linux</linux_distro>
    <auditd_status display_name="Audit Status">active (running)</auditd_status>
    <audisp_plugin_status display_name="Audisp plugin Status">Running</audisp_plugin_status>
    <conflicting_binaries display_name="Conflicting Binaries"></conflicting_binaries>
    <mde_netfilter_version display_name="MDE Net Filter version">100.69.62-1</mde_netfilter_version>
  </device_info>
  <events>
    <event id="330002"></event>
    <event id="330005"></event>
    <event id="330008"></event>
    <event id="310002"></event>
    <event id="321035"></event>
  </events>
</mdatp>
